advert_title,adv_price,adv_condofee,adv_bed,adv_bath,adv_park,adv_size,features
Casa com 2 Dormit�rios,Rua Josivaldo Gomes  180 -   Paju�ara - Natal/Rn,R$ 70.00000,NotFound,1,2,2,98 m2,Churrasqueira/Piscina/Quintal/Jardim
Casa com 1 Dormit�rio,Rua Manoel Congo  86 -   Ponta Negra - Natal/Rn,R$ 120.00000,+ IPTU R$ 193,87,NotFound,NotFound,1,58 m2,
Casa com 2 Dormit�rios,Rua Cinel�ndia  55 -   Redinha - Natal/Rn,R$ 120.00000,+ IPTU R$ 300,00,2,1,2,59 m2,�rea de Servi�o/Copa Cozinha/Sala de Jantar/Vista Panor�mica/Quintal
Casa com 4 Dormit�rios,Rua Ivonete Maciel  33 -   Dix Sept Rosado - Natal/Rn,R$ 120.00000,+ IPTU R$ 600,00,1,3,4,124 m2,�rea de Servi�o/Banheiro Social/Cozinha/Sala TV/Gradeado
Casa,Rua Almino Afonso  91 -   Ribeira - Natal/Rn,R$ 138.00000,NotFound,NotFound,NotFound,NotFound,NotFound,
Casa com 2 Dormit�rios,Travessa Doutor Alu�zio Feitosa  11 -   Planalto - Natal/Rn,R$ 140.00000,NotFound,2,1,2,NotFound,�rea de Servi�o/Banheiro Social/Copa Cozinha/Cozinha/Jardim Inverno/Reformado/Sala de Jantar/Quintal/Gradeado
Casa com 2 Dormit�rios,Travessa Primeira Travessa Irm� Vit�ria  s/n -   Igap� - Natal/Rn,R$ 150.00000,NotFound,NotFound,1,2,112 m2,
Casa com 3 Dormit�rios,Rua Francisca Sales  102 -   Redinha - Natal/Rn,R$ 150.00000,NotFound,1,2,3,NotFound,
Casa com 3 Dormit�rios,Rua Do Melro  8095 -   Pitimbu - Natal/Rn,R$ 160.00000,+ IPTU R$ 450,00,NotFound,NotFound,3,NotFound,�rea de Servi�o/Sala de Jantar/Terra�o/Quintal
Casa com 3 Dormit�rios,Rua Clodoaldo Caldas  97 -   Planalto - Natal/Rn,R$ 160.00000,+ IPTU R$ 464,68,NotFound,NotFound,3,200 m2,Churrasqueira/Quintal/Jardim
Casa com 3 Dormit�rios,Rua Professora Beatriz Cortez  90 -   Nossa Senhora Da Apresenta��o - Natal/Rn,R$ 170.00000,NotFound,NotFound,NotFound,3,250 m2,Despensa/Sala de Jantar/Quintal/Jardim
Casa com 2 Dormit�rios, Maria Jos� Lira  340 -   Potengi - Natal/Rn,R$ 180.00000,+ IPTU R$ 619,55,1,2,2,350 m2,
Casa com 2 Dormit�rios,Rua Da Viola  54 -   Paju�ara - Natal/Rn,R$ 185.00000,+ IPTU R$ 440,00,NotFound,NotFound,2,150 m2,
Casa com 2 Dormit�rios,Rua Padre Champagnat  44 -   Lagoa Nova - Natal/Rn,R$ 185.00000,+ IPTU R$ 124,04,1,2,2,140 m2,�rea Lateral Esquerda/Banheiro Social/Cozinha/Sala de Jantar/Quintal
Casa com 3 Dormit�rios,Rua Engenheiro Joaquim Cardoso  116 -   Pitimbu - Natal/Rn,R$ 198.00000,+ IPTU R$ 430,00,3,2,3,NotFound,�rea Lateral Esquerda/Banheiro Social/Cozinha/Quintal/Jardim/Lavanderia
Casa com 2 Dormit�rios,Rua Doutor Raimundo Correia  253 -   Pitimbu - Natal/Rn,R$ 200.00000,+ IPTU R$ 881,12,2,NotFound,2,250 m2,Quintal/Jardim
Casa com 4 Dormit�rios,Rua Chapada Dos Parecis  1367 -   Potengi - Natal/Rn,R$ 200.00000,NotFound,3,NotFound,4,NotFound,Quintal
Casa com 3 Dormit�rios,Rua Do Pelicano  8008 -   Pitimbu - Natal/Rn,R$ 200.00000,+ IPTU R$ 759,18,NotFound,NotFound,3,360 m2,Jardim
Casa com 3 Dormit�rios,Rua Dom Expedito  1799 -   Candel�ria - Natal/Rn,R$ 200.00000,NotFound,2,1,3,109 m2,�rea de Servi�o/Banheiro Social/Cozinha/Sala de Jantar/Quintal
Casa com 3 Dormit�rios, Radialista Jaime Queiroz  34 -   Parque Das Dunas - Natal/Rn,R$ 200.00000,+ IPTU R$ 559,64,1,1,3,110 m2,�gua Quente/Ar Condicionado/�rea de Servi�o/Banheiro Social/Churrasqueira/Cozinha Americana/Sacada com Churrasqueira/Sala TV/Split/Terra�o
Casa com 4 Dormit�rios,Rua Adolfo Gordo  792 -   Cidade Da Esperan�a - Natal/Rn,R$ 90000,+ IPTU R$ 95,04,2,3,4,175 m2,�gua Quente/�rea de Servi�o/Banheiro Social/Bar/Copa/Cozinha/Dependencia de Empregada/Despensa/Edicula/Escrit�rio/Jardim Inverno/Living Hall/Reformado/Sala Arm�rios/Sala de Jantar/Su�te Master/Quintal/Gradeado
Casa com 7 Dormit�rios,Rua Santa Luzia  1986 -   Igap� - Natal/Rn,R$ 210.00000,NotFound,1,4,7,300 m2,�rea de Servi�o/Banheiro Social/Cozinha Americana/Quintal
Casa com 4 Dormit�rios,Travessa Jandira  14 -   Nordeste - Natal/Rn,R$ 220.00000,+ IPTU R$ 878,77,NotFound,NotFound,4,165 m2,
Casa com 3 Dormit�rios,Rua Coronel Glic�rio C�cero  74 -   Alecrim - Natal/Rn,R$ 220.00000,+ IPTU R$ 650,00,NotFound,1,3,126 m2,Banheiro Social/Copa/Cozinha
Casa com 2 Dormit�rios,Rua S�o Bernardo  42 -   Emaus - Natal/Rn,R$ 220.00000,NotFound,NotFound,3,2,NotFound,
Casa com 3 Dormit�rios,Rua Patativas  8087 -   Pitimbu - Natal/Rn,R$ 230.00000,NotFound,4,1,3,100 m2,�rea de Servi�o/Banheiro Social
Casa com 5 Dormit�rios,Rua Abel Dominguez  138 -   Redinha - Natal/Rn,R$ 230.00000,NotFound,4,NotFound,5,400 m2,Churrasqueira/Despensa
Casa com 3 Dormit�rios,Rua Pelotas  33 -   Cidade Da Esperan�a - Natal/Rn,R$ 230.00000,+ IPTU R$ 670,20,6,3,3,199 m2,Banheiro Social/Copa/Cozinha/Despensa
Casa com 4 Dormit�rios,Rua Peroba  7948 -   Pitimbu - Natal/Rn,R$ 240.00000,NotFound,NotFound,3,4,360 m2,Churrasqueira/Sacada/Quintal/Jardim
Casa com 3 Dormit�rios,Rua Da Gameleira  2103 -   Pitimbu - Natal/Rn,R$ 240.00000,+ IPTU R$ 1.026,61,4,1,3,167 m2,�rea de Servi�o/Banheiro Social/Cozinha/Dependencia de Empregada/Despensa/Sala de Jantar/Quintal
Casa com 3 Dormit�rios,Rua Iju�  21 -   Cidade Da Esperan�a - Natal/Rn,R$ 250.00000,NotFound,1,NotFound,3,200 m2,Sala de Jantar/Quintal
Casa com 5 Dormit�rios,Rua Vicente Feola  08 -   Dixsept Rosado - Natal/Rn,R$ 250.00000,+ IPTU R$ 1.461,54,NotFound,NotFound,5,NotFound,
Casa com 3 Dormit�rios,Rua Martins  07 -   Lagoa Nova - Natal/Rn,R$ 250.00000,+ IPTU R$ 784,50,NotFound,NotFound,3,NotFound,Despensa/Quintal
Casa com 4 Dormit�rios,Rua Abel Dominguez  124 -   Redinha - Natal/Rn,R$ 250.00000,NotFound,2,NotFound,4,579 m2,Churrasqueira/Despensa
Casa com 3 Dormit�rios,Rua Joana D''arc  370 -   Ema�s - Natal/Rn,R$ 250.00000,NotFound,2,2,3,105 m2,�rea de Servi�o/Banheiro Social/Copa Cozinha/Cozinha/Escrit�rio/Sala de Jantar/Sala TV/Quintal/Gradeado
Casa com 3 Dormit�rios,Rua Do Falc�o  8009 -   Cidade Sat�lite - Natal/Rn,R$ 250.00000,+ IPTU R$ 2.200,00,1,2,3,81 m2,�rea de Servi�o/Arm�rio Embutido/Banheiro Social/Copa Cozinha/Cozinha/Cozinha Planejada/Dependencia de Empregada/Despensa/Dormit�rio com Arm�rio/Jardim Inverno/Reformado/Sala de Jantar/Sala TV/Semi Mobiliado/Terra�o/Gradeado
Casa com 3 Dormit�rios,Rua Adauto Freire Da Silva  31 -   Paju�ara - Natal/Rn,R$ 260.00000,+ IPTU R$ 353,58,4,NotFound,3,107 m2,Quintal/Jardim
Casa com 3 Dormit�rios,Rua Grossos  06 -   Lagoa Nova - Natal/Rn,R$ 260.00000,+ IPTU R$ 2.357,94,2,3,3,121 m2,�rea de Servi�o/Banheiro Social/Copa Cozinha/Sala de Jantar/Quintal
Casa com 2 Dormit�rios,Rua Professor Leonor De Fran�a  26 -   Ponta Negra - Natal/Rn,R$ 260.00000,NotFound,NotFound,1,2,42 m2,�rea de Servi�o/Banheiro Social/Cozinha/Sala de Jantar
Casa com 3 Dormit�rios,Rua Serra Das Cruzes  8024 -   Pitimbu - Natal/Rn,R$ 260.00000,+ IPTU R$ 1.027,13,NotFound,NotFound,3,360 m2,Despensa/Quintal/Jardim
Casa com 3 Dormit�rios,Rua B�tula  7929 -   Cidade Sat�lite - Natal/Rn,R$ 260.00000,+ IPTU R$ 1.328,41,3,1,3,230 m2,�rea de Servi�o/Banheiro Social/Bar/Churrasqueira/Copa/Despensa/Piscina/Terra�o/Gradeado
Casa com 3 Dormit�rios,Rua Pouso Alto  4616 -   Ne�polis - Natal/Rn,R$ 270.00000,NotFound,1,NotFound,3,250 m2,Banheiro Social/Sala de Jantar/Quintal
Casa com 5 Dormit�rios,Rua Monsenhor Francisco Coelho  2305 -   Quintas - Natal/Rn,R$ 278.00000,NotFound,3,5,5,300 m2,�rea Lateral Esquerda
Casa com 3 Dormit�rios,Rua Carna�ba Dos Dantas  33 -   Lagoa Nova - Natal/Rn,R$ 280.00000,+ IPTU R$ 694,03,NotFound,NotFound,3,240 m2,�rea de Servi�o/Sala de Jantar/Terra�o/Quintal
Casa com 2 Dormit�rios,Rua Villa Lobos  3450 -   Candel�ria - Natal/Rn,R$ 280.00000,+ IPTU R$ 975,67,NotFound,NotFound,2,250 m2,Quintal/Jardim
Casa com 3 Dormit�rios,Rua Professora Ana Djanira  1972 -   Candel�ria - Natal/Rn,R$ 280.00000,+ IPTU R$ 980,00,2,NotFound,3,240 m2,�rea de Servi�o/Copa/Dependencia de Empregada/Despensa/Sala de Jantar/Terra�o/Quintal
Casa com 3 Dormit�rios,Avenida Do Sol  3449 -   Candel�ria - Natal/Rn,R$ 280.00000,NotFound,NotFound,NotFound,3,NotFound,
Casa com 3 Dormit�rios,Rua B�tula  7929 -   Pitimbu - Natal/Rn,R$ 280.00000,+ IPTU R$ 1.000,00,NotFound,2,3,360 m2,Banheiro Social/Churrasqueira/Copa/Cozinha/Despensa/Piscina/Quintal
Casa com 5 Dormit�rios,Rua Dos Potiguares  133 -   Nova Cidade - Natal/Rn,R$ 280.00000,NotFound,2,1,5,240 m2,�rea de Servi�o/Banheiro Social/Cozinha/Quintal/Gradeado
Casa com 3 Dormit�rios,Avenida Brigadeiro Gomes Ribeiro  17 -   Nova Descoberta - Natal/Rn,R$ 280.00000,NotFound,3,3,3,227 m2,Banheiro Social/Churrasqueira/Copa/Cozinha/Dependencia de Empregada/Escrit�rio/Sacada com Churrasqueira/Sala de Jantar/Quintal
Casa com 2 Dormit�rios,Rua  Caetan�polis   4818 -   Ne�polis - Natal/Rn,R$ 280.00000,NotFound,1,NotFound,2,NotFound,
Casa com 4 Dormit�rios,Rua Rio Gua�ba  7751 -   Pitimbu - Natal/Rn,R$ 280.00000,+ IPTU R$ 1.688,52,NotFound,NotFound,4,360 m2,Despensa/Jardim
Casa com 2 Dormit�rios,Rua Da Azinheira  7909 -   Pitimbu - Natal/Rn,R$ 290.00000,+ IPTU R$ 1.576,55,NotFound,NotFound,2,217 m2,Quintal/Jardim
Casa com 3 Dormit�rios,Avenida Almirante Alexandrino De Alencar  1266 -   Tirol - Natal/Rn,R$ 290.00000,NotFound,2,NotFound,3,150 m2,Banheiro Social/Copa/Sala de Jantar/Estacionamento
Casa com 3 Dormit�rios,Rua S�o Clemente  3297 -   Candel�ria - Natal/Rn,R$ 295.00000,+ IPTU R$ 1.181,00,2,NotFound,3,NotFound,�rea de Servi�o/Banheiro Social/Closet/Copa/Copa Cozinha/Dependencia de Empregada/Despensa/Edicula/Escrit�rio/Reformado/Sala de Jantar/Sala TV/Terra�o/Quintal
Casa com 4 Dormit�rios,Rua Engenheiro Luciano Luiz De Barros  3630 -   Candel�ria - Natal/Rn,R$ 300.00000,+ IPTU R$ 1.561,39,2,NotFound,4,NotFound,Despensa/Quintal
Casa com 6 Dormit�rios,Rua Professor Clodoaldo De G�is  702 -   Nossa Senhora Da Apresenta��o - Natal/Rn,R$ 300.00000,NotFound,NotFound,NotFound,6,250 m2,Churrasqueira/Despensa/Piscina/Jardim
Casa com 3 Dormit�rios,Rua Desembargador Hemet�rio Fernandes  1034 -   Tirol - Natal/Rn,R$ 300.00000,+ IPTU R$ 796,09,1,NotFound,3,NotFound,Dependencia de Empregada/Despensa/Sala de Jantar
Casa com 5 Dormit�rios,Rua Floren�a  22 -   Ponta Negra - Natal/Rn,R$ 300.00000,+ IPTU R$ 1.105,00,2,NotFound,5,250 m2,Churrasqueira/Quintal
Casa com 3 Dormit�rios,Rua Dos Amarantos  202 -   Capim Macio - Natal/Rn,R$ 300.00000,+ IPTU R$ 650,00,5,2,3,240 m2,Banheiro Social/Cozinha/Despensa/Quintal/Estacionamento/Lavanderia
Casa com 4 Dormit�rios,Rua Rian�polis  58 -   Pitimbu - Natal/Rn,R$ 300.00000,NotFound,4,4,4,250 m2,Banheiro Social/Churrasqueira/Cozinha/Despensa/Piscina/Lavanderia
Casa com 7 Dormit�rios,Rua Filha De Santana  421 -   Alecrim - Natal/Rn,R$ 300.00000,NotFound,1,4,7,250 m2,Banheiro Social/Cozinha/Despensa/Reformado/Sacada/Terra�o/Quintal/Gradeado
Casa com 4 Dormit�rios,Rua Serra Maca�  7997 -   Pitimbu - Natal/Rn,R$ 305.00000,NotFound,4,NotFound,4,223 m2,�rea de Servi�o/Banheiro Social/Copa/Cozinha/Dependencia de Empregada/Dormit�rio com Arm�rio/Reformado/Sala de Jantar/Sala TV/Quintal/Gradeado
Casa com 5 Dormit�rios,Rua Guaramiranga  2478 -   Potengi - Natal/Rn,R$ 310.00000,+ IPTU R$ 948,00,2,3,5,155 m2,�rea de Servi�o/Banheiro Social/Cozinha/Despensa/Sala de Jantar/Sala TV/Circuito Fechado de TV/Gradeado
Casa com 3 Dormit�rios,Rua Domingos Amado  3453 -   Candel�ria - Natal/Rn,R$ 310.00000,+ IPTU R$ 654,71,2,2,3,125 m2,
Casa com 3 Dormit�rios,Avenida Jos� Luiz Da Silva  620 -   Nossa Senhora Da Apresenta��o - Natal/Rn,R$ 310.00000,NotFound,3,5,3,500 m2,Banheiro Social/Bar/Churrasqueira/Copa Cozinha/Cozinha Planejada/Despensa/Escrit�rio/Hidromassagem/Sacada com Churrasqueira/Sala de Jantar/Sala TV/Su�te Master/Terra�o/Quintal
Casa com 3 Dormit�rios,Rua Antonio Justino Dantas  224 -   Ne�polis - Natal/Rn,R$ 310.00000,+ IPTU R$ 895,00,4,3,3,100 m2,�rea de Servi�o/Banheiro Social/Copa/Cozinha Americana/Escrit�rio/Quintal
Casa com 3 Dormit�rios,Travessa Paulo Mesquita  115 -   Igap� - Natal/Rn,R$ 320.00000,+ IPTU R$ 612,03,NotFound,NotFound,3,225 m2,�rea Lateral Esquerda/Despensa/Quintal
Casa com 3 Dormit�rios,Avenida Dos Xavantes  1035 -   Pitimbu - Natal/Rn,R$ 320.00000,NotFound,NotFound,NotFound,3,NotFound,Quintal
Casa com 4 Dormit�rios,Avenida Doutor Jos� Francisco Da Silva  379 -   Potengi - Natal/Rn,R$ 320.00000,NotFound,1,NotFound,4,162 m2,Despensa/Quintal
Casa com 3 Dormit�rios,Rua J�lio Gomes Moreira  898 -   Barro Vermelho - Natal/Rn,R$ 320.00000,NotFound,2,NotFound,3,NotFound,Banheiro Social/Copa/Hidromassagem/Lavabo/Sala de Jantar/Quintal/Jardim
Casa com 4 Dormit�rios,Rua Delmiro Gouveia  21 -   Ne�polis - Natal/Rn,R$ 320.00000,+ IPTU R$ 1.400,00,4,3,4,400 m2,�gua Quente/Ar Condicionado/�rea de Servi�o/Arm�rio Embutido/Banheiro Social/Copa/Cozinha/Dependencia de Empregada/Despensa/Dormit�rio com Arm�rio/Espera Split/Sala de Jantar/Sala TV/Split/Su�te Master/Quintal/Gradeado
Casa com 3 Dormit�rios,Rua Santa Tereza D�vila  3285 -   Candel�ria - Natal/Rn,R$ 330.00000,NotFound,2,NotFound,3,150 m2,Banheiro Social/Sala de Jantar/Lavanderia
Casa com 3 Dormit�rios,Rua Ubaia  7846 -   Pitimbu - Natal/Rn,R$ 340.00000,+ IPTU R$ 954,00,NotFound,1,3,360 m2,Banheiro Social/Despensa/Sala de Jantar/Jardim
Casa com 4 Dormit�rios,Rua Desembargador R�gulo Tinoco  1327 -   Barro Vermelho - Natal/Rn,R$ 340.00000,NotFound,4,4,4,442 m2,
Casa com 3 Dormit�rios,Rua Foz Do Igua�u  86 -   Pitimbu - Natal/Rn,R$ 340.00000,+ IPTU R$ 1.047,32,4,4,3,200 m2,�rea de Servi�o/Banheiro Social/Churrasqueira/Cozinha/Despensa/Estar �ntimo/Lavabo/Living Hall/Piscina/Reformado/Sala de Jantar/Su�te Master/Quintal/Gradeado
Casa com 6 Dormit�rios,Rua Guanabara  1234 -   M�e Luiza - Natal/Rn,R$ 350.00000,+ IPTU R$ 2.232,00,NotFound,NotFound,6,284 m2,Sala de Jantar/Quintal
Casa com 4 Dormit�rios,Rua Das Pedrinhas  156 -   Nossa Senhora Da Apresenta��o - Natal/Rn,R$ 350.00000,+ IPTU R$ 562,91,2,NotFound,4,250 m2,Despensa/Piscina/Quintal
Casa com 3 Dormit�rios,Rua Engenheiro Bertholdo Gurgel  91 -   Lagoa Nova - Natal/Rn,R$ 350.00000,NotFound,2,NotFound,3,NotFound,Quintal/Jardim
Casa com 4 Dormit�rios,Rua Cl�vis Bevil�qua  661 -   Lagoa Seca - Natal/Rn,R$ 350.00000,NotFound,1,NotFound,4,120 m2,Banheiro Social/Sala de Jantar/Quintal
Casa com 3 Dormit�rios,Rua Princesa Leopoldina  3610 -   Candel�ria - Natal/Rn,R$ 350.00000,NotFound,1,NotFound,3,165 m2,Banheiro Social/Quintal
Casa com 3 Dormit�rios,Rua Doutor Jos� Pedro Bezerra  3 -   Pitimbu - Natal/Rn,R$ 350.00000,+ IPTU R$ 12.000,00,1,3,3,254 m2,Banheiro Social/Bar/Churrasqueira/Copa/Cozinha/Despensa/Lavabo/Piscina/Quintal
Casa com 3 Dormit�rios,Rua Ciprestes  7952 -   Pitimbu - Natal/Rn,R$ 350.00000,+ IPTU R$ 1.211,02,NotFound,3,3,NotFound,Banheiro Social/Bar/Churrasqueira/Copa/Cozinha/Despensa/Piscina/Sala de Jantar/Jardim/Lavanderia
Casa com 5 Dormit�rios,Rua Praia Da Barra  2194 -   Ponta Negra - Natal/Rn,R$ 350.00000,+ IPTU R$ 786,00,5,4,5,310 m2,
Casa com 3 Dormit�rios,Rua Serra Da Saudade  8000 -   Pitimbu - Natal/Rn,R$ 350.00000,+ IPTU R$ 540,10,2,3,3,360 m2,�gua Quente/�rea de Servi�o/Arm�rio Embutido/Banheiro Social/Bar/Churrasqueira/Cozinha Planejada/Dependencia de Empregada/Piscina/Reformado/Sala de Jantar/Sala TV/Su�te Master/Terra�o/Quintal/Gradeado
Casa com 3 Dormit�rios,Rua Doutor Paulo Pinto De Abreu  434 -   Lagoa Nova - Natal/Rn,R$ 350.00000,+ IPTU R$ 2.089,62,2,4,3,212 m2,
Casa com 3 Dormit�rios,Avenida Dos Xavantes  2138 -   Pitimbu - Natal/Rn,R$ 350.00000,NotFound,NotFound,NotFound,3,360 m2,Quintal
Casa com 3 Dormit�rios,Rua Professor Saturnino  1030 -   Nossa Senhora De Nazar� - Natal/Rn,R$ 350.00000,+ IPTU R$ 1.212,02,2,5,3,300 m2,�rea de Servi�o/Banheiro Social/Copa Cozinha/Cozinha/Dependencia de Empregada/Despensa/Hidromassagem/Jardim Inverno/Sacada/Sala de Jantar/Sala TV/Sauna/Su�te Master/Terra�o/Quintal/Gradeado
Casa com 2 Dormit�rios,Rua Rian�polis  307 -   Pitimbu - Natal/Rn,R$ 350.00000,+ IPTU R$ 1.298,61,1,NotFound,2,244 m2,Churrasqueira/Quintal
Casa com 3 Dormit�rios,Rua Dos Pardais  7976 -   Pitimbu - Natal/Rn,R$ 350.00000,+ IPTU R$ 830,41,6,3,3,405 m2,�gua Quente/�rea de Servi�o/Arm�rio Embutido/Copa Cozinha/Dormit�rio com Arm�rio/Espera Split/Jardim Inverno/Lavabo/Reformado/Sala de Jantar/Semi Mobiliado/Terra�o/Quintal/Gradeado
Casa com 3 Dormit�rios,Rua Canan�ia  98 -   Pitimbu - Natal/Rn,R$ 350.00000,+ IPTU R$ 1.204,46,2,2,3,199 m2,�gua Quente/�rea de Servi�o/Banheiro Social/Copa/Cozinha/Escrit�rio/Piscina/Sala de Jantar/Sala TV/Quintal
Casa com 3 Dormit�rios,Rua Desportista Jeremias Pinheiro Da C�mara Filho  1516 -   Ponta Negra - Natal/Rn,R$ 360.00000,+ IPTU R$ 815,33,5,NotFound,3,130 m2,�rea de Servi�o/Banheiro Social/Copa Cozinha/Cozinha/Reformado/Sala de Jantar/Su�te Master/Gradeado/Jardim
Casa com 4 Dormit�rios,Rua Anderson De Abreu  1871 -   Candel�ria - Natal/Rn,R$ 360.00000,+ IPTU R$ 1.373,91,3,5,4,NotFound,�rea de Servi�o/Banheiro Social/Cozinha/Dependencia de Empregada/Despensa/Escrit�rio/Jardim Inverno/Lavabo/Sacada/Sala de Jantar/Sala TV/Su�te Master/Quintal
Casa com 4 Dormit�rios,Rua Ciprestes  7806 -   Pitimbu - Natal/Rn,R$ 360.00000,+ IPTU R$ 1.010,53,6,NotFound,4,360 m2,Despensa/Quintal/Jardim
Casa com 4 Dormit�rios,Rua Domingos Amado  3434 -   Candel�ria - Natal/Rn,R$ 360.00000,+ IPTU R$ 1.034,85,2,NotFound,4,240 m2,�rea Lateral Esquerda/Arm�rio Embutido/Banheiro Social/Copa/Cozinha/Despensa/Sala de Jantar/Semi Mobiliado/Quintal
Casa com 4 Dormit�rios,Rua Afonso Magalh�es  818 -   Ponta Negra - Natal/Rn,R$ 360.00000,NotFound,3,3,4,306 m2,
Casa com 3 Dormit�rios,Rua Berilo Wanderley  2007 -   Lagoa Nova - Natal/Rn,R$ 360.00000,+ IPTU R$ 747,06,5,2,3,470 m2,Cozinha/Despensa/Piscina/Quintal
Casa com 3 Dormit�rios,Rua Monsenhor Am�ncio Ramalho  108 -   Lagoa Nova - Natal/Rn,R$ 360.00000,+ IPTU R$ 1.168,26,2,NotFound,3,209 m2,�gua Quente/�rea de Servi�o/Banheiro Social/Copa Cozinha/Cozinha Americana/Living Hall/Sacada/Sala de Jantar/Terra�o/Quintal/Gradeado
Casa com 3 Dormit�rios,Rua Desembargador Hemet�rio Fernandes  1049 -   Tirol - Natal/Rn,R$ 360.00000,NotFound,2,NotFound,3,184 m2,Sala de Jantar/Quintal/Jardim
Casa,Rua Jaboticabeira  1871 -   Potengi - Natal/Rn,R$ 370.00000,+ IPTU R$ 910,61,NotFound,NotFound,NotFound,200 m2,
Casa com 4 Dormit�rios,Rua Miradouro  4413 -   Ne�polis - Natal/Rn,R$ 370.00000,+ IPTU R$ 1.600,00,3,4,4,NotFound,�rea de Servi�o/Banheiro Social/Copa Cozinha/Cozinha/Reformado/Sacada/Sala de Jantar/Sala TV/Quintal
Casa com 3 Dormit�rios,Rua Desportista Jeremias Pinheiro Da C�mara Filho  1504 -   Ponta Negra - Natal/Rn,R$ 380.00000,NotFound,2,NotFound,3,600 m2,Banheiro Social/Sala de Jantar/Estacionamento/Jardim
Casa com 3 Dormit�rios,Rua Francisco Maia Sobrinho  1985 -   Lagoa Nova - Natal/Rn,R$ 380.00000,+ IPTU R$ 774,00,2,3,3,NotFound,
Casa com 4 Dormit�rios,Rua Patu  2522 -   Lagoa Nova - Natal/Rn,R$ 380.00000,+ IPTU R$ 107,64,3,NotFound,4,240 m2,�rea de Servi�o/Churrasqueira/Dependencia de Empregada/Sala de Jantar/Quintal
Casa com 4 Dormit�rios,Rua Historiador Tobias Monteiro  2075 -   Lagoa Nova - Natal/Rn,R$ 380.00000,+ IPTU R$ 747,51,3,3,4,90 m2,Ar Condicionado/Arm�rio Embutido/Banheiro Social/Cozinha/Dormit�rio com Arm�rio/Gradeado
Casa com 2 Dormit�rios,Rua Trinta E Um De Mar�o  229 -   Ponta Negra - Natal/Rn,R$ 390.00000,NotFound,NotFound,1,2,NotFound,Banheiro Social/Bar/Churrasqueira/Copa/Cozinha/Despensa/Lavabo/Piscina/Quintal/Estacionamento/Jardim
Casa com 3 Dormit�rios,Avenida Coronel Estevam  1597 -   Alecrim - Natal/Rn,R$ 390.00000,NotFound,1,3,3,153 m2,�rea de Servi�o/Banheiro Social/Cozinha/Sala TV/Quintal
Casa com 3 Dormit�rios,Rua Rodolfo Garcia  1991 -   Lagoa Nova - Natal/Rn,R$ 400.00000,NotFound,NotFound,NotFound,3,300 m2,Quintal/Jardim
Casa com 5 Dormit�rios,Rua Jo�o Alves De Santana  60 -   Paju�ara - Natal/Rn,R$ 400.00000,+ IPTU R$ 600,00,3,4,5,198 m2,Escrit�rio
Casa,Rua Apol�nio F�lix  93 -   Paju�ara - Natal/Rn,R$ 400.00000,NotFound,NotFound,NotFound,NotFound,467 m2,
Casa com 3 Dormit�rios,Rua Francisco Maia Sobrinho  2011 -   Lagoa Nova - Natal/Rn,R$ 400.00000,NotFound,2,NotFound,3,300 m2,Sala de Jantar/Quintal
Casa com 3 Dormit�rios,Rua Campo Belo  4902 -   Ne�polis - Natal/Rn,R$ 400.00000,+ IPTU R$ 1.497,00,2,4,3,137 m2,�gua Quente/�rea de Servi�o/Arm�rio Embutido/Banheiro Social/Copa Cozinha/Cozinha Americana/Cozinha Planejada/Despensa/Dormit�rio com Arm�rio/Edicula/Escrit�rio/Hidromassagem/Sala de Jantar/Su�te Master/Quintal/Gradeado
Casa com 3 Dormit�rios,Rua Walter Duarte Pereira  1628 -   Capim Macio - Natal/Rn,R$ 400.00000,NotFound,NotFound,3,3,360 m2,�rea Lateral Esquerda/Piscina/Sacada/Quintal/Jardim
Casa com 3 Dormit�rios,Rua Presidente Mascarenhas  1368 -   Alecrim - Natal/Rn,R$ 400.00000,NotFound,2,4,3,116 m2,�rea de Servi�o/Despensa/Sala de Jantar/Quintal
Casa com 4 Dormit�rios,Rua Santa Tereza D�vila  3326 -   Candel�ria - Natal/Rn,R$ 400.00000,+ IPTU R$ 876,29,NotFound,NotFound,4,240 m2,Quintal
Casa com 3 Dormit�rios,Rua Joaquim Fabr�cio  306 -   Petr�polis - Natal/Rn,R$ 400.00000,+ IPTU R$ 1.354,00,1,5,3,108 m2,�rea de Servi�o/Arm�rio Embutido/Banheiro Social/Cozinha/Dependencia de Empregada/Despensa/Escrit�rio/Sala de Jantar/Terra�o/Gradeado
Casa com 3 Dormit�rios,Rua S�o Fernando  5 -   Cidade Da Esperan�a - Natal/Rn,R$ 400.00000,+ IPTU R$ 875,00,2,6,3,192 m2,�rea de Servi�o/Banheiro Social/Cozinha/Dependencia de Empregada/Despensa/Escrit�rio/Quintal
Casa,Rua Das Algas  2286 -   Ponta Negra - Natal/Rn,R$ 400.00000,+ IPTU R$ 1.660,00,4,5,4,NotFound,
Casa com 4 Dormit�rios,Rua Curitiba  48 -   Paju�ara - Natal/Rn,R$ 400.00000,NotFound,4,5,4,NotFound,�gua Quente/Ar Condicionado/�rea de Servi�o/Banheiro Social/Bar/Churrasqueira/Copa/Copa Cozinha/Cozinha/Cozinha Americana/Cozinha Planejada/Dependencia de Empregada/Despensa/Dormit�rio com Arm�rio/Piscina/Reformado/Sala de Jantar/Quintal
Casa com 4 Dormit�rios,Rua Don Expedito  1795 -   Candel�ria - Natal/Rn,R$ 400.00000,NotFound,2,3,4,175 m2,�rea de Servi�o/Arm�rio Embutido/Banheiro Social/Copa/Dependencia de Empregada/Reformado/Sala de Jantar/Sala TV/Terra�o/Quintal/Gradeado
Casa com 4 Dormit�rios,Rua Ant�nio Farache  1944 -   Capim Macio - Natal/Rn,R$ 400.00000,NotFound,2,4,4,180 m2,Ar Condicionado/�rea de Servi�o/Arm�rio Embutido/Banheiro Social/Cozinha/Dependencia de Empregada/Despensa/Dormit�rio com Arm�rio/Escrit�rio/Estar �ntimo/Sala de Jantar/Sala TV/Split
Casa com 3 Dormit�rios,Avenida Nascimento De Castro  2029 -   Lagoa Nova - Natal/Rn,R$ 400.00000,+ IPTU R$ 1.145,63,NotFound,NotFound,3,280 m2,Quintal
Casa com 3 Dormit�rios,Rua Antoine De Saint'' Exup�ry  08 -   Pitimbu - Natal/Rn,R$ 410.00000,+ IPTU R$ 745,81,4,5,3,197 m2,�rea de Servi�o/Banheiro Social/Bar/Churrasqueira/Copa/Copa Cozinha/Cozinha/Dependencia de Empregada/Despensa/Lavabo/Piso Elevado/Sacada/Sala de Jantar/Sala TV/Su�te Master/Terra�o/Quintal/Gradeado
Casa com 3 Dormit�rios,Rua An�bal Correia  2519 -   Candel�ria - Natal/Rn,R$ 420.00000,+ IPTU R$ 1.246,78,NotFound,NotFound,3,345 m2,Piscina/Quintal
Casa com 3 Dormit�rios,Rua Aldo De Melo Freire  1905 -   Capim Macio - Natal/Rn,R$ 420.00000,NotFound,NotFound,NotFound,3,300 m2,Banheiro Social/Despensa/Lavabo/Sala de Jantar/Estacionamento/Jardim
Casa com 5 Dormit�rios,Rua Felipe Cortez  1523 -   Lagoa Nova - Natal/Rn,R$ 420.00000,+ IPTU R$ 1.220,91,5,3,5,330 m2,Banheiro Social/Bar/Cozinha/Despensa/Piscina/Quintal
Casa com 3 Dormit�rios,Rua Hemet�rio Fernandes  1036 -   Tirol - Natal/Rn,R$ 420.00000,+ IPTU R$ 480,00,2,2,3,NotFound,�rea de Servi�o/Banheiro Social/Cozinha/Reformado/Sala de Jantar/Sala TV/Quintal/Gradeado
Casa com 3 Dormit�rios,Rua Dos Potiguares  2332 -   Lagoa Nova - Natal/Rn,R$ 420.00000,+ IPTU R$ 1.577,00,2,1,3,214 m2,
Casa com 3 Dormit�rios,Rua Walter Duarte Pereira  1628 -   Capim Macio - Natal/Rn,R$ 400.00000,NotFound,NotFound,3,2,360 m2,�rea Lateral Esquerda/Piscina/Sacada/Quintal/Jardim
Casa com 3 Dormit�rios,Rua Presidente Mascarenhas  1368 -   Alecrim - Natal/Rn,R$ 400.00000,NotFound,2,4,3,116 m2,�rea de Servi�o/Despensa/Sala de Jantar/Quintal
Casa com 4 Dormit�rios,Rua Santa Tereza D�vila  3326 -   Candel�ria - Natal/Rn,R$ 400.00000,+ IPTU R$ 876,29,NotFound,NotFound,2,240 m2,Quintal
Casa com 3 Dormit�rios,Rua Joaquim Fabr�cio  306 -   Petr�polis - Natal/Rn,R$ 400.00000,+ IPTU R$ 1.354,00,1,5,3,108 m2,�rea de Servi�o/Arm�rio Embutido/Banheiro Social/Cozinha/Dependencia de Empregada/Despensa/Escrit�rio/Sala de Jantar/Terra�o/Gradeado
Casa com 3 Dormit�rios,Rua S�o Fernando  5 -   Cidade Da Esperan�a - Natal/Rn,R$ 400.00000,+ IPTU R$ 875,00,2,6,3,192 m2,�rea de Servi�o/Banheiro Social/Cozinha/Dependencia de Empregada/Despensa/Escrit�rio/Quintal
Casa,Rua Das Algas  2286 -   Ponta Negra - Natal/Rn,R$ 400.00000,+ IPTU R$ 1.660,00,4,5,4,NotFound,
Casa com 4 Dormit�rios,Rua Curitiba  48 -   Paju�ara - Natal/Rn,R$ 400.00000,NotFound,4,5,3,NotFound,�gua Quente/Ar Condicionado/�rea de Servi�o/Banheiro Social/Bar/Churrasqueira/Copa/Copa Cozinha/Cozinha/Cozinha Americana/Cozinha Planejada/Dependencia de Empregada/Despensa/Dormit�rio com Arm�rio/Piscina/Reformado/Sala de Jantar/Quintal
Casa com 4 Dormit�rios,Rua Don Expedito  1795 -   Candel�ria - Natal/Rn,R$ 400.00000,NotFound,2,3,2,175 m2,�rea de Servi�o/Arm�rio Embutido/Banheiro Social/Copa/Dependencia de Empregada/Reformado/Sala de Jantar/Sala TV/Terra�o/Quintal/Gradeado
Casa com 4 Dormit�rios,Rua Ant�nio Farache  1944 -   Capim Macio - Natal/Rn,R$ 400.00000,NotFound,2,4,3,180 m2,Ar Condicionado/�rea de Servi�o/Arm�rio Embutido/Banheiro Social/Cozinha/Dependencia de Empregada/Despensa/Dormit�rio com Arm�rio/Escrit�rio/Estar �ntimo/Sala de Jantar/Sala TV/Split
Casa com 3 Dormit�rios,Avenida Nascimento De Castro  2029 -   Lagoa Nova - Natal/Rn,R$ 400.00000,+ IPTU R$ 1.145,63,NotFound,NotFound,1,280 m2,Quintal
Casa com 3 Dormit�rios,Rua Antoine De Saint'' Exup�ry  08 -   Pitimbu - Natal/Rn,R$ 410.00000,+ IPTU R$ 745,81,4,5,1,197 m2,�rea de Servi�o/Banheiro Social/Bar/Churrasqueira/Copa/Copa Cozinha/Cozinha/Dependencia de Empregada/Despensa/Lavabo/Piso Elevado/Sacada/Sala de Jantar/Sala TV/Su�te Master/Terra�o/Quintal/Gradeado
Casa com 3 Dormit�rios,Rua An�bal Correia  2519 -   Candel�ria - Natal/Rn,R$ 420.00000,+ IPTU R$ 1.246,78,NotFound,NotFound,1,345 m2,Piscina/Quintal
Casa com 3 Dormit�rios,Rua Aldo De Melo Freire  1905 -   Capim Macio - Natal/Rn,R$ 420.00000,NotFound,NotFound,NotFound,1,300 m2,Banheiro Social/Despensa/Lavabo/Sala de Jantar/Estacionamento/Jardim
Casa com 5 Dormit�rios,Rua Felipe Cortez  1523 -   Lagoa Nova - Natal/Rn,R$ 420.00000,+ IPTU R$ 1.220,91,5,3,2,330 m2,Banheiro Social/Bar/Cozinha/Despensa/Piscina/Quintal
Casa com 3 Dormit�rios,Rua Hemet�rio Fernandes  1036 -   Tirol - Natal/Rn,R$ 420.00000,+ IPTU R$ 480,00,2,2,3,NotFound,�rea de Servi�o/Banheiro Social/Cozinha/Reformado/Sala de Jantar/Sala TV/Quintal/Gradeado
Casa com 3 Dormit�rios,Rua Dos Potiguares  2332 -   Lagoa Nova - Natal/Rn,R$ 420.00000,+ IPTU R$ 1.577,00,2,1,2,214 m2,
Casa com 4 Dormit�rios,Rua S�o Jo�o  1405 -   Lagoa Seca - Natal/Rn,R$ 450.00000,+ IPTU R$ 1.364,94,2,NotFound,4,NotFound,Despensa
Casa com 3 Dormit�rios,Rua Doutor Francisco Ivo Trindade  2096 -   Lagoa Nova - Natal/Rn,R$ 450.00000,+ IPTU R$ 740,62,4,3,2,300 m2,Banheiro Social/Cozinha/Quintal
Casa com 4 Dormit�rios,Rua Jos� Ribeiro Dantas  1983 -   Lagoa Nova - Natal/Rn,R$ 450.00000,+ IPTU R$ 1.200,00,4,3,3,463 m2,
Casa com 3 Dormit�rios,Avenida Capit�o Mor Gouveia  3759 -   Lagoa Nova - Natal/Rn,R$ 450.00000,NotFound,4,3,3,NotFound,
Casa com 4 Dormit�rios,Rua Walter Duarte Pereira  1668 -   Capim Macio - Natal/Rn,R$ 450.00000,+ IPTU R$ 895,68,NotFound,2,1,360 m2,Banheiro Social/Copa/Cozinha/Sala de Jantar/Quintal/Lavanderia
Casa com 3 Dormit�rios,Rua Berilo Wanderley  2084 -   Lagoa Nova - Natal/Rn,R$ 450.00000,NotFound,3,3,2,410 m2,Churrasqueira/Despensa/Sacada/Quintal/Jardim
Casa com 3 Dormit�rios,Rua Professor Herm�genes Medeiros  3261 -   Lagoa Nova - Natal/Rn,R$ 450.00000,NotFound,2,2,1,404 m2,�rea Lateral Esquerda
Casa com 6 Dormit�rios,Rua Marc�lio Furtado  2042 -   Lagoa Nova - Natal/Rn,R$ 3.50000,+ IPTU R$ 209,84,4,1,2,224 m2,�rea de Servi�o/Banheiro Social/Cozinha/Dependencia de Empregada/Despensa/Quintal/Gradeado
Casa com 4 Dormit�rios,Rua Dos Potiguares  2324 -   Lagoa Nova - Natal/Rn,R$ 450.00000,+ IPTU R$ 1.034,97,4,5,4,300 m2,Ar Condicionado/�rea de Servi�o/Arm�rio Embutido/Banheiro Social/Copa/Cozinha/Dependencia de Empregada/Dormit�rio com Arm�rio/Edicula/Escrit�rio/Lavabo/Living Hall/Reformado/Sala de Jantar/Sala TV/Gradeado
Casa com 3 Dormit�rios,Rua Presidente Gon�alves  844 -   Alecrim - Natal/Rn,R$ 450.00000,+ IPTU R$ 1.291,26,1,3,1,196 m2,
Casa com 3 Dormit�rios,Rua Beatriz Ramalho  3573 -   Candel�ria - Natal/Rn,R$ 450.00000,+ IPTU R$ 1.450,00,3,NotFound,1,240 m2,�rea Lateral Esquerda/Arm�rio Embutido/Cozinha/Sala de Jantar/Quintal
Casa com 3 Dormit�rios,Rua Jer�nimo De Albuquerque  3622 -   Candel�ria - Natal/Rn,R$ 452.00000,NotFound,3,4,2,240 m2,Banheiro Social/Cozinha/Dependencia de Empregada/Despensa/Escrit�rio/Reformado/Sala de Jantar/Sala TV/Gradeado
Casa com 4 Dormit�rios,Rua Engenheiro Oct�vio Tavares  3704 -   Candel�ria - Natal/Rn,R$ 460.00000,+ IPTU R$ 1.149,79,1,2,1,NotFound,Banheiro Social/Cozinha/Despensa/Sala de Jantar/Quintal/Jardim/Lavanderia
Casa com 4 Dormit�rios,Rua Major Afonso Magalh�es  61 -   Petr�polis - Natal/Rn,R$ 460.00000,NotFound,2,3,4,250 m2,�rea de Servi�o/Arm�rio Embutido/Banheiro Social/Churrasqueira/Cozinha/Cozinha Planejada/Sala de Jantar/Sala TV/Semi Mobiliado
Casa com 4 Dormit�rios,Rua Adauto Aur�lio Fonseca  298 -   Ne�polis - Natal/Rn,R$ 470.00000,NotFound,3,2,2,293 m2,Banheiro Social/Churrasqueira/Cozinha Planejada/Dependencia de Empregada/Edicula/Escrit�rio/Lavabo/Sala TV/Quintal
Casa com 3 Dormit�rios,Rua Dos Canind�s  1470 -   Alecrim - Natal/Rn,R$ 480.00000,+ IPTU R$ 569,69,NotFound,NotFound,3,143 m2,
Casa com 2 Dormit�rios,Rua Visconde De Cairu  13 -   Alecrim - Natal/Rn,R$ 480.00000,+ IPTU R$ 1.225,15,1,3,2,NotFound,Banheiro Social/Cozinha/Hidromassagem/Sala de Jantar/Lavanderia
Casa com 3 Dormit�rios,Rua Domingos Amado  3398 -   Candel�ria - Natal/Rn,R$ 480.00000,+ IPTU R$ 1.087,83,NotFound,NotFound,3,188 m2,�rea de Servi�o/Dependencia de Empregada/Despensa/Escrit�rio/Terra�o/Quintal/Porteiro Eletr�nico
Casa com 3 Dormit�rios,Rua Espada  80 -   Redinha - Natal/Rn,R$ 490.00000,+ IPTU R$ 378,00,NotFound,NotFound,3,250 m2,Bar/Copa/Cozinha/Lavabo/Piscina/Sala de Jantar/Interfone/Jardim
Casa com 4 Dormit�rios,Rua C�nego Le�o Fernandes  541 -   Petr�polis - Natal/Rn,R$ 490.00000,+ Condom�nio R$ 2.012,22,2,5,3,321 m2,
Casa com 4 Dormit�rios,Avenida Gustavo Guedes  1821 -   Capim Macio - Natal/Rn,R$ 498.00000,NotFound,3,5,3,194 m2,Ar Condicionado/�rea de Servi�o/Arm�rio Embutido/Banheiro Social/Copa Cozinha/Dependencia de Empregada/Dormit�rio com Arm�rio/Escrit�rio/Jardim Inverno/Piscina/Quintal
Casa com 3 Dormit�rios,Rua Praia De Malemb�  2257 -   Ponta Negra - Natal/Rn,R$ 500.00000,NotFound,NotFound,NotFound,2,NotFound,Churrasqueira/Piscina/Quintal/Jardim
Casa com 3 Dormit�rios,Rua Militao Chaves  1884 -   Lagoa Nova - Natal/Rn,R$ 500.00000,+ IPTU R$ 1.822,83,4,4,3,NotFound,Banheiro Social/Copa/Cozinha/Despensa/Hidromassagem/Quintal/Jardim/Lavanderia
Casa com 3 Dormit�rios,Rua B�zios  2201 -   Redinha - Natal/Rn,R$ 500.00000,+ IPTU R$ 550,00,4,2,1,NotFound,Arm�rio Embutido/Churrasqueira/Copa/Cozinha/Piscina/Quintal/Jardim/Lavanderia
Casa com 3 Dormit�rios,Rua Desembargador Jaime Jenner De Aquino  50 -   Ponta Negra - Natal/Rn,R$ 500.00000,+ IPTU R$ 733,00,NotFound,1,1,NotFound,
Casa com 3 Dormit�rios,Rua Coronel Joaquim Correia  3058 -   Candel�ria - Natal/Rn,R$ 500.00000,NotFound,NotFound,NotFound,3,187 m2,�rea de Servi�o/Dependencia de Empregada/Lavabo/Sala de Jantar/Terra�o
Casa com 4 Dormit�rios,Rua Bacharel Francisco Menezes De Melo  45 -   Capim Macio - Natal/Rn,R$ 500.00000,+ IPTU R$ 2.264,00,6,NotFound,1,450 m2,Arm�rio Embutido/Banheiro Social/Despensa/Hidromassagem/Lavabo/Piscina/Sala de Jantar/Quintal/Estacionamento/Jardim
Casa com 3 Dormit�rios,Rua Poeta Jorge Fernandes  116 -   Ponta Negra - Natal/Rn,R$ 520.00000,+ IPTU R$ 1.500,00,3,1,1,300 m2,Cozinha/Despensa/Quintal/Quadra
Casa com 5 Dormit�rios,Rua Coronel Luciano Saldanha  2923 -   Capim Macio - Natal/Rn,R$ 520.00000,+ IPTU R$ 2.900,00,3,5,3,350 m2,�rea de Servi�o/Banheiro Social/Churrasqueira/Copa/Copa Cozinha/Despensa/Dormit�rio com Arm�rio/Escrit�rio/Hidromassagem/Lavabo/Sala de Jantar/Sala TV/Terra�o
Casa com 3 Dormit�rios,Rua Maia Neto  167 -   Capim Macio - Natal/Rn,R$ 520.00000,NotFound,4,4,1,232 m2,Ar Condicionado/�rea de Servi�o/Arm�rio Embutido/Banheiro Social/Copa Cozinha/Cozinha Planejada/Dependencia de Empregada/Despensa/Jardim Inverno/Lavabo/Sala Arm�rios/Sala de Jantar/Sala TV/Semi Mobiliado/Split/Quintal
Casa com 3 Dormit�rios,Rua Professor Paulo Vieira Nobre  1652 -   Lagoa Nova - Natal/Rn,R$ 530.00000,NotFound,2,2,1,176 m2,
Casa com 3 Dormit�rios,Rua Praia Do Guaxinin  8952 -   Ponta Negra - Natal/Rn,R$ 550.00000,+ IPTU R$ 996,61,NotFound,NotFound,1,NotFound,Churrasqueira/Piscina/Quintal
Casa com 4 Dormit�rios,Rua Presb�tero Porf�rio Gomes Da Silva  1824 -   Capim Macio - Natal/Rn,R$ 550.00000,NotFound,NotFound,3,2,520 m2,Churrasqueira/Despensa/Piscina/Quintal/Jardim
Casa com 3 Dormit�rios,Rua Professor Etelvino Cunha  2896 -   Capim Macio - Natal/Rn,R$ 550.00000,+ IPTU R$ 1.089,24,2,3,3,300 m2,Arm�rio Embutido/Banheiro Social/Churrasqueira/Copa/Cozinha/Despensa/Hidromassagem/Lavabo/Piscina/Sauna/Quintal/Estacionamento/Lavanderia
Casa com 4 Dormit�rios,Rua Do Maruim  37 -   Redinha - Natal/Rn,R$ 550.00000,NotFound,4,5,4,742 m2,
Casa com 3 Dormit�rios,Rua Coronel Silvino Bezerra  1186 -   Lagoa Seca - Natal/Rn,R$ 550.00000,NotFound,4,4,3,NotFound,
Casa com 4 Dormit�rios,Rua Djalma Maranh�o  510 -   Nova Descoberta - Natal/Rn,R$ 550.00000,+ IPTU R$ 1.313,89,5,4,2,197 m2,�rea de Servi�o/Banheiro Social/Copa/Cozinha/Dependencia de Empregada/Escrit�rio/Lavabo/Quintal/Gradeado
Casa com 4 Dormit�rios,Rua Teatr�logo Meira Pires  445 -   Capim Macio - Natal/Rn,R$ 550.00000,+ IPTU R$ 1.610,00,3,NotFound,4,312 m2,�rea de Servi�o/Churrasqueira/Dependencia de Empregada/Despensa/Escrit�rio/Terra�o/Jardim/Porteiro Eletr�nico
Casa com 4 Dormit�rios,Rua Mission�rio Joel Carlson  1942 -   Capim Macio - Natal/Rn,R$ 550.00000,NotFound,4,NotFound,3,NotFound,
Casa com 4 Dormit�rios,Rua Mission�rio Joel Carlson  1946 -   Capim Macio - Natal/Rn,R$ 550.00000,+ IPTU R$ 978,90,2,4,4,400 m2,Banheiro Social/Copa/Cozinha/Despensa/Lavabo/Piscina/Quintal/Estacionamento
Casa com 3 Dormit�rios,Rua Porto Mirim  9060 -   Ponta Negra - Natal/Rn,R$ 565.00000,+ IPTU R$ 1.379,47,3,5,2,461 m2,Ar Condicionado/�rea de Servi�o/Arm�rio Embutido/Banheiro Social/Churrasqueira/Cozinha/Dependencia de Empregada/Dormit�rio com Arm�rio/Piscina/Piso Elevado/Sala de Jantar/Sala TV/Su�te Master/Quintal/Gradeado/Jardim/Lavanderia
Casa com 3 Dormit�rios,Rua Ant�nio Farache  1934 -   Capim Macio - Natal/Rn,R$ 570.00000,+ IPTU R$ 1.700,00,NotFound,NotFound,1,500 m2,�rea de Servi�o/Churrasqueira/Escrit�rio/Piscina/Sala de Jantar/Terra�o/Quintal/Jardim/Porteiro Eletr�nico
Casa com 4 Dormit�rios,Rua Estef�nia Dias De Melo  101 -   Candel�ria - Natal/Rn,R$ 580.00000,NotFound,4,4,3,NotFound,Banheiro Social/Copa/Cozinha/Despensa/Piscina/Sala de Jantar/Quintal/Jardim/Lavanderia
Casa com 3 Dormit�rios,Rua Mission�rio Gunnar Vingren  1888 -   Capim Macio - Natal/Rn,R$ 580.00000,NotFound,4,5,3,200 m2,�gua Quente/�rea de Servi�o/Banheiro Social/Cozinha/Dependencia de Empregada/Despensa/Lavabo/Reformado/Sala de Jantar/Sala TV/Su�te Master
Casa com 4 Dormit�rios,Avenida Professor Olavo Montenegro  2918 -   Capim Macio - Natal/Rn,R$ 590.00000,+ IPTU R$ 1.963,21,3,5,3,264 m2,Ar Condicionado/�rea de Servi�o/Arm�rio Embutido/Banheiro Social/Churrasqueira/Cozinha/Cozinha Planejada/Dependencia de Empregada/Despensa/Dormit�rio com Arm�rio/Edicula/Escrit�rio/Espera Split/Hidromassagem/Lavabo/Sacada/Sala de Jantar/Sala TV/Semi Mobiliado/Split/Su�te Master/Vista Panor�mica/Quintal
Casa com 3 Dormit�rios,Rua Raimundo Chaves  1589 -   Candel�ria - Natal/Rn,R$ 600.00000,NotFound,4,NotFound,2,150 m2,Banheiro Social/Despensa/Sala de Jantar/Quintal/Jardim
Casa com 5 Dormit�rios,Rua Joca Soares  1886 -   Candel�ria - Natal/Rn,R$ 600.00000,NotFound,3,NotFound,4,195 m2,Banheiro Social/Copa/Mobiliado/Piscina/Sala de Jantar/Quintal/Jardim
Casa com 3 Dormit�rios,Rua Ant�nio Elias De Fran�a Neto  1656 -   Lagoa Nova - Natal/Rn,R$ 600.00000,NotFound,4,NotFound,1,465 m2,Copa/Despensa/Piscina/Sala de Jantar/Estacionamento/Jardim
Casa com 5 Dormit�rios,Rua Dos Toror�s  2249 -   Lagoa Nova - Natal/Rn,R$ 600.00000,+ IPTU R$ 1.860,00,4,5,1,390 m2,�gua Quente/Ar Condicionado/�rea de Servi�o/Arm�rio Embutido/Banheiro Social/Copa/Copa Cozinha/Cozinha/Dependencia de Empregada/Dormit�rio com Arm�rio/Edicula/Escrit�rio/Mobiliado/Quintal
Casa com 3 Dormit�rios,Rua Carlos Lamas  3689 -   Candel�ria - Natal/Rn,R$ 600.00000,+ IPTU R$ 2.785,31,NotFound,NotFound,3,400 m2,Despensa/Piscina/Quintal/Jardim
Casa com 3 Dormit�rios,Rua Henrique Santana  1409 -   San Vale - Natal/Rn,R$ 600.00000,NotFound,3,3,1,NotFound,
Casa com 4 Dormit�rios,Rua Ilo Fernandes Costa  64 -   Capim Macio - Natal/Rn,R$ 2.50000,+ IPTU R$ 334,82,3,3,2,NotFound,�rea de Servi�o/Banheiro Social/Cozinha/Dependencia de Empregada/Despensa/Living Hall/Piscina/Sacada/Sala de Jantar/Su�te Master/Terra�o/Quintal
Casa com 4 Dormit�rios, C�nego Le�o Fernandes   555 -   Petr�polis - Natal/Rn,R$ 600.00000,+ IPTU R$ 1.896,00,3,NotFound,2,251 m2,�rea de Servi�o/Arm�rio Embutido/Banheiro Social/Cozinha Americana/Dependencia de Empregada/Despensa/Escrit�rio/Estar �ntimo/Living Hall/Sala de Jantar/Sala TV/Su�te Master/Terra�o/Quintal/Gradeado
Casa com 3 Dormit�rios,Rua An�bal Correia  2864 -   Candel�ria - Natal/Rn,R$ 5.50000,+ IPTU R$ 311,91,NotFound,NotFound,1,300 m2,Piscina/Jardim
Casa com 3 Dormit�rios,Rua Mission�rio Joel Carlson  1950 -   Capim Macio - Natal/Rn,R$ 620.00000,+ IPTU R$ 1.334,63,NotFound,NotFound,2,400 m2,Churrasqueira/Despensa/Piscina/Quintal/Jardim
Casa com 4 Dormit�rios,Rua Santa Rita  792 -   Alecrim - Natal/Rn,R$ 620.00000,NotFound,NotFound,NotFound,2,274 m2,Churrasqueira/Despensa/Quintal
Casa com 4 Dormit�rios,Rua Doutor Pedro Amorim  972 -   Barro Vermelho - Natal/Rn,R$ 620.00000,+ IPTU R$ 2.077,62,4,4,2,329 m2,�gua Quente/Ar Condicionado/�rea de Servi�o/Banheiro Social/Copa/Copa Cozinha/Cozinha Planejada/Dependencia de Empregada/Escrit�rio/Sacada/Sala de Jantar/Su�te Master/Quintal/Gradeado
Casa com 4 Dormit�rios,Rua General Felizardo Brito  2968 -   Capim Macio - Natal/Rn,R$ 630.00000,NotFound,NotFound,NotFound,4,600 m2,Quintal/Jardim
Casa com 4 Dormit�rios,Rua Amintas Barros  2023 -   Lagoa Nova - Natal/Rn,R$ 640.00000,+ IPTU R$ 2.699,61,4,3,2,421 m2,Banheiro Social/Copa/Cozinha/Despensa/Lavabo/Quintal/Estacionamento/Lavanderia
Casa com 5 Dormit�rios,Rua �nico Monteiro  2013 -   Capim Macio - Natal/Rn,R$ 650.00000,+ IPTU R$ 2.233,55,NotFound,NotFound,5,NotFound,Churrasqueira/Despensa/Piscina
Casa com 5 Dormit�rios,Rua Dos Potiguares  2474 -   Dixsept Rosado - Natal/Rn,R$ 650.00000,+ IPTU R$ 1.103,22,2,4,3,300 m2,Banheiro Social/Churrasqueira/Cozinha/Despensa/Quintal/Lavanderia
Casa com 5 Dormit�rios,Rua Comandante Monteiro Chaves  2053 -   Pitimbu - Natal/Rn,R$ 665.00000,+ IPTU R$ 1.732,26,6,5,5,224 m2,Copa/Cozinha/Despensa/Lavabo/Quintal/Jardim/Lavanderia
Casa com 4 Dormit�rios,Rua General Di�scoro Vale  332 -   Capim Macio - Natal/Rn,R$ 680.00000,NotFound,3,NotFound,4,300 m2,Churrasqueira/Despensa/Piscina/Jardim
Casa com 3 Dormit�rios,Avenida Lima E Silva  1552 -   Lagoa Nova - Natal/Rn,R$ 680.00000,+ IPTU R$ 1.388,75,2,3,2,219 m2,Banheiro Social/Copa/Cozinha/Despensa/Quintal
Casa com 3 Dormit�rios,Rua Aldo De Melo Freire  1951 -   Capim Macio - Natal/Rn,R$ 695.00000,+ IPTU R$ 2.568,35,5,5,3,384 m2,Arm�rio Embutido/Banheiro Social/Quintal/Jardim
Casa com 4 Dormit�rios,Rua Engenheiro Oct�vio Tavares  3790 -   Candel�ria - Natal/Rn,R$ 700.00000,+ IPTU R$ 1.968,02,7,5,4,NotFound,Banheiro Social/Churrasqueira/Cozinha/Despensa/Lavabo/Piscina/Quintal/Jardim/Lavanderia
Casa com 5 Dormit�rios,Rua Bacharel Breno Barros  44 -   Candel�ria - Natal/Rn,R$ 700.00000,+ IPTU R$ 1.654,76,NotFound,NotFound,4,800 m2,Despensa/Quintal/Jardim
Casa com 6 Dormit�rios,Rua Do Carbono  34 -   Lagoa Nova - Natal/Rn,R$ 700.00000,+ IPTU R$ 2.196,00,3,NotFound,4,450 m2,Churrasqueira/Despensa/Piscina/Quintal
Casa com 4 Dormit�rios,Avenida Tropical  204 -   Pitimbu - Natal/Rn,R$ 700.00000,NotFound,NotFound,NotFound,4,1.040 m2,Churrasqueira/Piscina/Quintal/Jardim
Casa com 4 Dormit�rios,Rua Joca Soares  1886 -   Candel�ria - Natal/Rn,R$ 700.00000,+ IPTU R$ 1.200,00,5,4,3,464 m2,Banheiro Social/Churrasqueira/Cozinha/Despensa/Piscina/Quintal/Sala Fitness
Casa com 4 Dormit�rios,Rua Manoel Avelino Sobrinho  665 -   Ponta Negra - Natal/Rn,R$ 700.00000,NotFound,NotFound,NotFound,1,NotFound,
Casa com 4 Dormit�rios,Rua Doutor Nildo Alff  75 -   Capim Macio - Natal/Rn,R$ 700.00000,NotFound,2,5,4,NotFound,Ar Condicionado/�rea de Servi�o/Arm�rio Embutido/Banheiro Social/Churrasqueira/Copa/Copa Cozinha/Cozinha Planejada/Dependencia de Empregada/Despensa/Dormit�rio com Arm�rio/Escrit�rio/Espera Split/Estar �ntimo/Hidromassagem/Jardim Inverno/Lavabo/Piscina/Sala Arm�rios/Sala de Jantar/Sala TV/Sauna/Semi Mobiliado/Su�te Master/Quintal/Gradeado
Casa com 5 Dormit�rios,Avenida Gustavo Guedes  1825 -   Capim Macio - Natal/Rn,R$ 700.00000,NotFound,3,7,5,NotFound,�rea de Servi�o/Cozinha Planejada/Dependencia de Empregada/Despensa/Sala de Jantar/Sala TV
Casa,Avenida Marechal Floriano Peixoto  534 -   Petr�polis - Natal/Rn,R$ 700.00000,+ IPTU R$ 2.190,44,NotFound,NotFound,NotFound,360 m2,
Casa,Rua Recife  62 -   Cidade Da Esperan�a - Natal/Rn,R$ 750.00000,+ IPTU R$ 628,32,NotFound,NotFound,NotFound,NotFound,
Casa com 3 Dormit�rios,Rua Rio Sanho�  7739 -   Pitimbu - Natal/Rn,R$ 750.00000,NotFound,2,4,1,315 m2,
Casa com 4 Dormit�rios,Rua Desembargador Silvino Bezerra Neto  2700 -   Lagoa Nova - Natal/Rn,R$ 750.00000,+ IPTU R$ 1.833,05,NotFound,NotFound,2,420 m2,Churrasqueira/Piscina/Jardim
Casa com 6 Dormit�rios,Avenida Professor Jo�o Machado  2956 -   Capim Macio - Natal/Rn,R$ 750.00000,NotFound,2,6,3,800 m2,�rea de Servi�o/Arm�rio Embutido/Banheiro Social/Cozinha Planejada/Dependencia de Empregada/Despensa/Dormit�rio com Arm�rio/Edicula/Escrit�rio/Estar �ntimo/Hidromassagem/Lavabo/Piscina/Sala TV/Su�te Master/Terra�o/Quintal
Casa com 3 Dormit�rios,Rua Prudente De Morais  6380 -   Candel�ria - Natal/Rn,R$ 750.00000,+ IPTU R$ 805,95,1,1,3,240 m2,Banheiro Social/Cozinha/Despensa/Quintal
Casa com 4 Dormit�rios,Rua Renato Guilherme Kaiser  25 -   Capim Macio - Natal/Rn,R$ 750.00000,+ IPTU R$ 1.505,00,4,NotFound,4,220 m2,Churrasqueira/Despensa/Quintal
Casa com 4 Dormit�rios,Rua Jo�o Alves Flor  3720 -   Candel�ria - Natal/Rn,R$ 750.00000,NotFound,8,NotFound,2,NotFound,Churrasqueira/Despensa/Lavabo/Piscina/Sala de Jantar/Quintal/Jardim
Casa com 5 Dormit�rios,Rua Ismael Pereira Da Silva  1473 -   Capim Macio - Natal/Rn,R$ 750.00000,+ IPTU R$ 2.492,00,3,6,4,NotFound,�gua Quente/Ar Condicionado/�rea de Servi�o/Banheiro Social/Churrasqueira/Cozinha/Cozinha Americana/Cozinha Planejada/Dependencia de Empregada/Despensa/Escrit�rio/Espera Split/Estar �ntimo/Hidromassagem/Lavabo/Piscina/Reformado/Sala de Jantar/Sala TV/Split/Su�te Master/Quintal
Casa com 3 Dormit�rios,Rua Doutor Jos� Tavares Da Silva  1491 -   Candel�ria - Natal/Rn,R$ 780.00000,+ IPTU R$ 897,66,NotFound,3,3,NotFound,Bar/Churrasqueira/Cozinha/Despensa/Piscina/Quintal/Estacionamento/Jardim/Lavanderia
Casa com 5 Dormit�rios,Rua Praia De Maracaja�  8840 -   Ponta Negra - Natal/Rn,R$ 780.00000,NotFound,3,6,3,309 m2,�rea Lateral Esquerda/Churrasqueira/Despensa/Quintal/Jardim
Casa com 5 Dormit�rios,Rua Doutor Jo�o Abdon Da Silva  1397 -   Lagoa Nova - Natal/Rn,R$ 790.00000,+ IPTU R$ 2.070,11,6,5,5,293 m2,
Casa com 2 Dormit�rios,Rua Luiz Ant�nio Bezerra Lopes  3724 -   Candel�ria - Natal/Rn,R$ 790.00000,NotFound,NotFound,NotFound,2,1.000 m2,�gua Quente/Ar Central/Ar Condicionado/�rea de Servi�o/Arm�rio Embutido/Banheiro Social/Bar/Churrasqueira/Copa/Copa Cozinha/Cozinha/Deck/Dependencia de Empregada/Despensa/Dormit�rio com Arm�rio/Escrit�rio/Espera Split/Estar �ntimo/Hidromassagem/Jardim Inverno/Reformado/Gradeado
Casa com 3 Dormit�rios,Rua Carapeba  33 -   Ponta Negra - Natal/Rn,R$ 799.00000,+ IPTU R$ 3.305,00,NotFound,NotFound,1,859 m2,Despensa/Piscina/Quintal/Jardim
Casa com 4 Dormit�rios,Rua Comandante Monteiro Chaves  350 -   Pitimbu - Natal/Rn,R$ 800.00000,+ IPTU R$ 1.248,35,NotFound,2,2,800 m2,�rea Lateral Esquerda/Arm�rio Embutido/Banheiro Social/Bar/Churrasqueira/Copa/Cozinha/Hidromassagem/Lavabo/Piscina/Quintal
Casa com 4 Dormit�rios,Rua Monte Sinai  1895 -   Capim Macio - Natal/Rn,R$ 800.00000,+ IPTU R$ 2.500,00,2,6,4,350 m2,Arm�rio Embutido/Copa Cozinha/Cozinha/Dependencia de Empregada/Sala de Jantar/Sala TV/Terra�o/Elevador de Servi�o/Empresa de Monitoramento
Casa com 4 Dormit�rios,Rua Doutor Lauro Pinto  88 -   Candel�ria - Natal/Rn,R$ 800.00000,NotFound,NotFound,4,3,NotFound,�rea Lateral Esquerda/Banheiro Social/Quintal
Casa com 3 Dormit�rios,Rua Doutor Nildo Alff  75 -   Capim Macio - Natal/Rn,R$ 800.00000,NotFound,4,3,3,NotFound,Churrasqueira/Cozinha/Despensa/Hidromassagem/Lavabo/Piscina/Jardim
Casa,Avenida Presidente Bandeira  747 -   Alecrim - Natal/Rn,R$ 800.00000,+ IPTU R$ 645,60,NotFound,NotFound,NotFound,NotFound,
Casa com 3 Dormit�rios,Rua Desembargador Carlos Augusto  71 -   Lagoa Nova - Natal/Rn,R$ 800.00000,+ IPTU R$ 215,85,3,3,1,NotFound,Banheiro Social/Cozinha/Despensa/Sala TV/Su�te Master/Quintal
Casa com 3 Dormit�rios,Rua Praia De Camurupim  8987 -   Ponta Negra - Natal/Rn,R$ 800.00000,+ IPTU R$ 1.509,73,5,2,1,NotFound,Copa/Cozinha/Quintal
Casa com 3 Dormit�rios,Rua Emanoel Bezerra  150 -   Pitimbu - Natal/Rn,R$ 850.00000,+ IPTU R$ 2.000,00,4,NotFound,3,331 m2,Churrasqueira/Despensa/Jardim
Casa com 4 Dormit�rios,Avenida Almirante Alexandrino De Alencar  1282 -   Tirol - Natal/Rn,R$ 850.00000,NotFound,NotFound,NotFound,1,300 m2,Despensa/Jardim
Casa com 5 Dormit�rios,Rua Amaro Mesquita  126 -   Ponta Negra - Natal/Rn,R$ 850.00000,NotFound,6,4,3,566 m2,Churrasqueira/Despensa/Piscina/Sacada/Quintal
Casa com 3 Dormit�rios,Rua Jo�o Flor�ncio De Queiroz  270 -   Capim Macio - Natal/Rn,R$ 850.00000,NotFound,1,NotFound,2,NotFound,Arm�rio Embutido/Banheiro Social/Copa/Lavabo/Piscina/Sala de Jantar/Quintal/Jardim
Casa com 3 Dormit�rios,Rua Contador Manoel Raimundo De Aguiar  1853 -   Lagoa Nova - Natal/Rn,R$ 890.00000,+ Condom�nio R$ 2.861,51,6,3,3,406 m2,Churrasqueira/Copa/Cozinha/Despensa/Lavabo/Quintal/Jardim
Casa com 5 Dormit�rios,Rua General Di�scoro Vale  31 -   Capim Macio - Natal/Rn,R$ 900.00000,NotFound,4,8,4,450 m2,�rea Lateral Esquerda/Churrasqueira/Despensa/Piscina/Jardim
Casa com 4 Dormit�rios,Rua Estef�nia Dias De Melo  104 -   Candel�ria - Natal/Rn,R$ 900.00000,+ IPTU R$ 1.200,00,4,4,4,NotFound,Arm�rio Embutido/Banheiro Social/Copa/Cozinha/Despensa/Lavabo/Mobiliado/Piscina/Quintal/Lavanderia
Casa com 3 Dormit�rios,Rua Historiador Francisco Fausto De Souza  378 -   Capim Macio - Natal/Rn,R$ 930.00000,+ IPTU R$ 4.845,40,4,2,3,468 m2,
Casa com 3 Dormit�rios,Rua Perito Jos� Louren�o  261 -   Lagoa Nova - Natal/Rn,R$ 950.00000,+ IPTU R$ 4.200,00,NotFound,NotFound,3,450 m2,Piscina
Casa com 3 Dormit�rios,Rua Ponta De Manguinhos  2201 -   Ponta Negra - Natal/Rn,R$ 950.00000,NotFound,4,NotFound,1,NotFound,Arm�rio Embutido/Banheiro Social/Copa/Despensa/Quintal/Jardim
Casa com 4 Dormit�rios,Rua S�o Jos�  1722 -   Lagoa Nova - Natal/Rn,R$ 950.00000,+ IPTU R$ 1.200,00,2,3,2,433 m2,Banheiro Social/Cozinha/Despensa/Lavabo/Quintal/Lavanderia
Casa com 5 Dormit�rios,Rua Luiz Estevam  2288 -   Ponta Negra - Natal/Rn,R$ 950.00000,+ IPTU R$ 1.618,56,NotFound,6,4,450 m2,Churrasqueira/Despensa/Quintal/Jardim
Casa,Rua Monsenhor Am�ncio Ramalho  48 -   Lagoa Nova - Natal/Rn,R$ 7.00000,+ IPTU R$ 382,05,10,10,9,410 m2,�rea de Servi�o/Banheiro Social/Copa Cozinha/Quintal
Casa com 4 Dormit�rios,Rua Francisco Pignataro  1921 -   Capim Macio - Natal/Rn,R$ 990.00000,+ IPTU R$ 2.780,97,4,6,3,400 m2,�gua Quente/Ar Condicionado/�rea de Servi�o/Banheiro Social/Churrasqueira/Copa/Copa Cozinha/Cozinha/Cozinha Planejada/Dependencia de Empregada/Despensa/Escrit�rio/Estar �ntimo/Home Theater/Jardim Inverno/Lavabo/Piscina/Reformado/Sacada/Sacada com Churrasqueira/Sala de Jantar/Su�te Master/Terra�o/Espa�o Gourmet/Estacionamento/Gradeado
Casa com 4 Dormit�rios,Rua Desembargador Sinval Moreira Dias  1820 -   Lagoa Nova - Natal/Rn,R$ 1.000.00000,+ IPTU R$ 1.892,16,2,3,1,NotFound,
Casa com 4 Dormit�rios,Rua Jos� Ferreira Sobrinho  3694 -   Candel�ria - Natal/Rn,R$ 1.100.00000,NotFound,6,NotFound,4,520 m2,Arm�rio Embutido/Banheiro Social/Churrasqueira/Copa/Despensa/Hidromassagem/Lavabo/Sala de Jantar/Quintal/Estacionamento/Jardim
Casa com 3 Dormit�rios,Avenida Antoine De Saint Exup�ry  1025 -   Pitimbu - Natal/Rn,R$ 1.100.00000,NotFound,NotFound,4,3,1.080 m2,Churrasqueira/Despensa/Quintal
Casa com 6 Dormit�rios,Rua Coronel Luiz J�lio  48 -   Lagoa Nova - Natal/Rn,R$ 1.100.00000,+ IPTU R$ 1.458,93,6,8,6,337 m2,�rea de Servi�o/Banheiro Social/Cozinha/Dependencia de Empregada/Sala de Jantar/Terra�o
